title,page,level
Preface,v,1
Acknowledgement,vii,2
Introduction to First Edition,ix,2
Introduction to Revised Edition,xxv,2
Abbreviations,xxvii,2
Symbols,xxviii,2
Table of Contents,xxix,1
Lesson 1: అది ఏమిటి? ఆయన ఎవరు?,1,1
Drills,5,2
Exercises,7,2
Vocabulary,10,2
Grammar Notes,11,2
Lesson 2: నమస్కారమండీ!,20,1
Drills,25,2
Exercises,28,2
Vocabulary,32,2
Grammar Notes,33,2
Lesson 3: స్నేహితుడి ఇల్లు,45,1
Drills,51,2
Exercises,54,2
Vocabulary,57,2
Grammar Notes,58,2
Lesson 4: మొత్తం ఎన్ని?,70,1
Drills,76,2
Exercises,82,2
Vocabulary,84,2
Grammar Notes,85,2
"Lesson 5: మీరు, మేం, మనం",95,1
Drills,105,2
Exercises,109,2
Vocabulary,112,2
Grammar Notes,113,2
Lesson 6: Post-office ఎక్కడ?,123,1
Vocabulary,127,2
Exercises,128,2
Lesson 7: మా నాన్నగారు అమెరికాలో ఉన్నారు,132,1
Drills,135,2
Exercises,138,2
Vocabulary,140,2
Grammar Notes,141,2
Lesson 8: ఏమండీ! బాగున్నారా?,150,1
Drills,154,2
Exercises,156,2
Vocabulary,157,2
Grammar Notes,158,2
Lesson 9: ఇవ్వేళ మన తాతయ్య పుట్టినరోజు,168,1
Drills,172,2
Exercises,174,2
Vocabulary,175,2
Grammar Notes,176,2
Lesson 10: దసరా పండగ,182,1
Drills,185,2
Exercises,188,2
Vocabulary,189,2
Grammar Notes,190,2
Lesson 11: ఇప్పుడు టైమెంత?,193,1
Drills,197,2
Exercises,200,2
Vocabulary,201,2
Grammar Notes,202,2
Lesson 12: కూరగాయలు ఏం ఉన్నాయి?,205,1
Exercises,208,2
Vocabulary,211,2
Lesson 13: నీకు ఉద్యోగం ఉందా?,212,1
Drills,217,2
Exercises,221,2
Vocabulary,224,2
Grammar Notes,225,2
Lesson 14: మీ ఊళ్లో ఏమేం ఉన్నాయి?,234,1
Drills,240,2
Exercises,244,2
Vocabulary,247,2
Grammar Notes,248,2
Lesson 15: పొడుపు కథ,256,1
Drills,261,2
Exercises,263,2
Vocabulary,265,2
Grammar Notes,265,2
Lesson 16: మీకు ఏం కావాలి,272,1
Drills,274,2
Exercises,276,2
Vocabulary,278,2
Grammar Notes,278,2
Lesson 17: నీకు పంచదార అక్కర్లేదు,282,1
Drills,287,2
Exercises,291,2
Vocabulary,294,2
Grammar Notes,294,2
Lesson 18: గుడి-బడి,302,1
Exercises,304,2
Vocabulary,306,2
Lesson 19: చూడు వీరు ఎవరో!,307,1
Drills,311,2
Exercises,313,2
Vocabulary,315,2
Grammar Notes,315,2
Lesson 20: నేను సినిమాకు వెళ్ళాలి,321,1
Drills,324,2
Exercises,327,2
Vocabulary,329,2
Grammar Notes,329,2
Lesson 21: మామిడి తోట,336,1
Drills,339,2
Exercises,342,2
Vocabulary,344,2
Grammar Notes,345,2
Lesson 22: ఏం చేస్తున్నావు?,350,1
Drills,354,2
Exercises,357,2
Vocabulary,359,2
Grammar Notes,360,2
Lesson 23: నేను రేడియో కొంటున్నాను,364,1
Drills,368,2
Exercises,370,2
Vocabulary,371,2
Grammar Notes,372,2
Lesson 24: ఉత్తరం,376,1
Exercises,377,2
Vocabulary,380,2
Notes,381,2
Lesson 25: ఎక్కువగా తినటం మంచిది కాదు,382,1
Drills,385,2
Exercises,389,2
Vocabulary,390,2
Grammar Notes,391,2
"Lesson 26: సినిమాకు పోదాం; వస్తావా?",396,1
Drills,400,2
Exercises,403,2
Vocabulary,405,2
Grammar Notes,406,2
Lesson 27: టిక్కెట్టు దొరకవు,413,1
Drills,416,2
Exercises,418,2
Vocabulary,420,2
Grammar Notes,421,2
Lesson 28: నీ రేడియో బాగుచేశాను,425,1
Drills,427,2
Exercises,429,2
Vocabulary,429,2
Grammar Notes,430,2
Lesson 29: విద్యుచ్ఛక్తిని వృథా చెయ్యకూడదు,434,1
Drills,438,2
Exercises,442,2
Vocabulary,444,2
Grammar Notes,445,2
Lesson 30: ఇవ్వేళ మీ ఇంట్లో కూరలేమిటి,450,1
Exercises,452,2
Vocabulary,455,2
Lesson 31: అన్నం తింటూ చదవకు,456,1
Drills,460,2
Exercises,464,2
Vocabulary,466,2
Grammar Notes,467,2
Lesson 32: అందితే జుట్టు అందకపోతే కాళ్ళు,473,1
Drills,477,2
Exercises,481,2
Vocabulary,483,2
Grammar Notes,483,2
Lesson 33: వాన కురుస్తోంది,489,1
Drills,491,2
Exercises,493,2
Vocabulary,494,2
Grammar Notes,494,2
Lesson 34: బల్లలు తుడిచావా?,498,1
Drills,500,2
Exercises,502,2
Vocabulary,503,2
Grammar Notes,504,2
Lesson 35: బ్రెడ్డు కాలుస్తున్నాను,506,1
Drills,508,2
Exercises,510,2
Vocabulary,512,2
Grammar Notes,512,2
Lesson 36: ఇదేనండీ మా పొలం!,516,1
Exercises,519,2
Vocabulary,523,2
Cultural Note,524,2
Lesson 37: ముఖర్జీగారు ప్రిన్సిపాల్ అయ్యారు,525,1
Drills,528,2
Exercises,531,2
Vocabulary,532,2
Grammar Notes,533,2
Lesson 38: నా కోసం ఎవరైనా వచ్చారా?,540,1
Drills,544,2
Exercises,546,2
Vocabulary,547,2
Grammar Notes,547,2
Lesson 39: మీ తమ్ముడు పరీక్ష పాసయ్యాడా?,554,1
Drills,556,2
Exercises,558,2
Vocabulary,559,2
Grammar Notes,559,2
Lesson 40: శర్మ! నీకు వెయ్యేళ్ళ ఆయుష్షు!,561,1
Drills,563,2
Exercises,565,2
Vocabulary,566,2
Grammar Notes,566,2
Lesson 41: అక్కడ నిల్చున్న మనిషి ఎవరు?,569,1
Drills,572,2
Exercises,577,2
Vocabulary,578,2
Grammar Notes,579,2
Lesson 42: నేనిక్కడ పెట్టిన కోటు ఏమైంది?,589,1
Exercises,594,2
Vocabulary,598,2
Lesson 43: వాన వచ్చేటట్లుంది,599,1
Drills,602,2
Exercises,604,2
Vocabulary,606,2
Grammar Notes,606,2
Lesson 44: నేను అల్లుతున్నప్పుడు,612,1
Drills,615,2
Exercises,619,2
Vocabulary,621,2
Grammar Notes,622,2
"Lesson 45: చెప్పి, చెప్పకుండా…",627,1
Drills,630,2
Exercises,632,2
Vocabulary,633,2
Grammar Notes,633,2
Lesson 46: నువ్వు వచ్చి ఎంత సేపైంది?,638,1
Drills,640,2
Exercises,642,2
Vocabulary,643,2
Grammar Notes,643,2
Lesson 47: కంప్యూటర్ సంగీతం,646,1
Drills,648,2
Exercises,651,2
Vocabulary,652,2
Grammar Notes,653,2
Lesson 48: సుబ్బారావు అరిచాడు,657,1
Exercises,660,2
Vocabulary,663,2
Lesson 49: ఆమె వచ్చి ఉంటుంది,664,1
Drills,667,2
Exercises,668,2
Vocabulary,669,2
Grammar Notes,669,2
Lesson 50: చాముండి కొండ మీద,671,1
Drills,673,2
Exercises,677,2
Vocabulary,679,2
Grammar Notes,679,2
"Lesson 51: కావచ్చు, కాకపోవచ్చు!",684,1
Drills,688,2
Exercises,691,2
Vocabulary,692,2
Grammar Notes,692,2
Lesson 52: రానివ్వటం రానివ్వకపోవటం,696,1
Drills,698,2
Exercises,699,2
Vocabulary,700,2
Grammar Notes,700,2
Lesson 53: వచ్చినా రాకపోయినా,704,1
Drills,706,2
Exercises,709,2
Vocabulary,710,2
Grammar Notes,711,2
Lesson 54: తెల్లవారటం - పొద్దునూకటం,716,1
Exercises,719,2
Vocabulary,723,2
Lesson 55: మేకను పట్టుకున్న కొండచిలువ,724,1
Drills,726,2
Exercises,727,2
Vocabulary,728,2
Grammar Notes,729,2
Lesson 56: ఆగటం - ఆపటం,732,1
Drills,735,2
Exercises,737,2
Vocabulary,738,2
Grammar Notes,738,2
Lesson 57: పూలు కోయించి ఇస్తాను,741,1
Drills,744,2
Exercises,746,2
Vocabulary,747,2
Grammar Notes,747,2
Lesson 58: పళ్లేలు తెచ్చుకున్నాను,750,1
Drills,752,2
Exercises,754,2
Vocabulary,755,2
Grammar Notes,755,2
Lesson 59: తెనాలి రామకృష్ణుడు,760,1
Drills,762,2
Exercises,765,2
Vocabulary,767,2
Grammar Notes,767,2
Lesson 60: మీరు వివాహం చేసుకోకపోవటానికి కారణం?,774,1
Exercises,781,2
Vocabulary,785,2
Lesson 61: అప్పులివ్వటంలో అపూర్వ ప్రయోగం,787,1
Exercises,788,2
Vocabulary,790,2
Lesson 62: పేదవాళ్లు,791,1
Exercises,792,2
Vocabulary,795,2
Lesson 63: ప్రపంచం లోని కొన్ని వింతలు,796,1
Exercises,800,2
Vocabulary,801,2
Lesson 64: అంగారక గ్రహం,802,1
Exercises,803,2
Vocabulary,804,2
Appendix 1: Vocabulary Index,805,1
Appendix 2: Grammar Index,824,1
Appendix 3: Grammar Terminology,834,1
Appendix 4: Script Exercises Words,853,1
